瓦达西瓦又又又桑只爱这巧克力,3 星,就标准的《黑社会》加《无间道》好么。。几乎都能找出来对应的角色了。。山寨成这样你给人家版权费了没啊。。给4星及以上的去看港片好么！这么一比我hk电影简直就是东方巨制啊。。。听说米国还买了版权。。米国佬是傻逼咩？花不起钱买最佳拍档和银河两家的版权吗？主题配乐很好听。
A L E X,4 星,韩国颜最正黑帮老大的诞生！好喜欢丁青…我要哭一哭
Sinlias、 ღ,5 星,噢巴思密达！！！！！！那个女的！我就知道是霜花店的！！！这部片子真是过段时间就拿出来看一看完全看不腻啊，每个人都演的好棒！
恶魔奶爸Sam,5 星,最后还是华侨统一了南棒黑社会，中国人最狠啊。。。
姨妈的鸭,5 星,怎么办，，，，我觉得他比吴彦祖都帅
花轮君,5 星,李政宰演得太他妈好了。
aQuabLus,4 星,前面再紧凑会更好。后面很黑。主演表演加分。
玄辂,5 星,想对姜科长说 做人要厚道 做警察尤其要厚道 不信抬头看 黑道自有真情在 BGM怒赞
shininglove,3 星,棒国人终究是酒心糟瓤，讨香港黑帮片经吃不到一半，落一碗戾气。他们学不会唯美与浪漫，粗鲁的对吼，残忍的复仇，源自骨子里的自卑，一代又一代的“怕”与“恨”。
mOco,4 星,故事很有张力，影像呈现也非常成熟，“丁青当着李子成处决卧底、丁青被刺杀、李子成即位”这三场戏格外精彩。但最重要的是丁青和李子成的爱，满满地要溢出来。为了你，我不惜牺牲自己；为了你，我不惜成为你。如果这都不是爱，那还是啥。太喜欢丁青……
文白,4 星,我喜欢这个结局，管他什么正义不正义，全干掉再说！
干小部,5 星,继承了港片黄金年代的价值观
L.A.B 小姐,4 星,韩版＂无间道＂，卧底策反成为黑帮老大，杀死白道的剧情好新鲜，另外最后的回忆杀真是亮点
陆支羽,4 星,3.5。1.一个新世界的美丽与丑陋。2.棒子玩黑帮的野心，果然深谙港日之长，全片难得的史诗气象，将一个时代末世纪的孤独与狂欢悉数收纳；即便瑕疵很多，依然诚意满满。3.结尾的暴力冷幽默处理很赞。4.李政宰、崔岷植等几个主角都很帅。
海淀妇女柴斯卡,5 星,好看 一起扛过枪 一起嫖过娼 今生有你 无悔今生 对这种设定完全没有抵抗力 劳力士 爱马仕 雅科仕 男模团走秀从头到尾 看到西装男群殴我就血脉喷张 黄政民简直是伟大的表演艺术家  仓库前后那几段戏绝了 集合了黑帮片影迷们经常意淫的高配山寨镜头 感谢导演把它们都拍出来了
Obtson,5 星,杂糅《无间道》与《极恶非道》的宿命论，又兼具《教父》的审判意味。惊叹李政宰的表演，那种木偶对牵线者的疯狂反噬，成为影片绝对的高光时刻。一直被簇拥着走的人生突然跳出棋盘，伴随着的却是彻骨的寒意，这是新世界的阵痛，也是情义与人性的丧钟。
凌睿,4 星,不要逼我，再逼我我玩真的了！
周男神的迷妹YL,4 星,因为智孝去看的电影，是部典型的男人戏，延续了韩国电影的暴力和黑政府传统，剧情紧凑有张力，结局出人意料又情理之中。卧底当久了也可以从警察变成一方黑帮老大。很带感。
包袱,3 星,原来是部爱情片，最后那段回忆直接升级多加一分
湖上的兰斯洛,1 星,难以想象本片的导演居然仅仅是拍过一部长片的人，完成度之高令人咋舌。更不容易的是，在《无间道》极其同类港片把卧底题材拍烂之后，还能有韩国编剧从中找出新意，其工业水准实在是高到令人可怕。
玛丽莲·孟获,3 星,韩国不管是警方还是黑帮，都不知道配个碎纸机吗？
papi,4 星,韩国电影这两年做的是真，不，错！崔岷植好喜欢~~~
内陆飞鱼,3 星,还缺点说服力，前面拖沓，后面仓促，崔岷植的形象不够鲜活。
囧叔,allstar20 rating,啥玩意啊这么多高分真是醉了，只要是韩国片就要跪舔是吗
Doublebitch,5 星,近两年最好看的黑帮片，完胜极恶非道2，配乐太牛逼！
蓝霉沉皮,4 星,权利就像一身黑色高级定制西装，性感不已。黄正民不能再爷们儿，朴圣雄不能再黑暗。
局长,5 星,相当精彩，韩国貌似很少有如此规模的黑帮片。
没有耳朵的兔Z,4 星,“我要是活着的话，你怎么办？”
方枪枪,4 星,牛逼，硬是把黑社会和无间道拍出了另一个风格。最喜欢的是丁青
周宗澍,3 星,延邊人的設定過於奇葩，姓丁的那位jeong cheong的中文很差，但是足見已經足夠用心，而年長的一些配角演員則漢語普通話無可挑剔，想是真・華僑無疑？延邊鮮族和華僑一舉血洗控制了南韓公司的頂層，我打算就這樣看完《新世界》再高唱着《我愛你中國》愉悅地進入夢鄉。 #馬皇看了這個片也會很欣慰的
行为不端的安东,4 星,《无间道》+《黑社会》+《暗花》。
高压电,4 星,类型片翘楚。有钱请交响乐团配乐就是好。
小斑,4 星,《无间道》陈永仁跳反的版本。这片最具魅力的角色倒是宋智孝，反恐者要比恐怖份子信仰更坚定，做卧底的要比黑帮更狠绝，百折不改初衷是最难的。本片结局不仅现实，而且政治意味浓得很。全片各种人物都描写得很有声色，男主角倒成了个性最不足最没份量的那个。最后，杀我男神不能忍！
SydneyCarton,3 星,与其说学《无间道》不如说学《龙虎风云》，还加了点《黑社会》和《潜行狙击》的料，不过真是又臭又长，漏洞无数。ps:看到崔岷植大叔已经向林雪靠拢了，真是悲从心来。
KREJERK,5 星,最近一年看过最好的电影，各种方面
牛佬,4 星,剧情扎实，相比《无间道》，对卧底和警方的描述更显黑暗，没有回归，他只有在黑的道路上一直走下去。袭击丁靑一段的运镜太精彩了。
左胸上的吸盘,3 星,没什么看头，台词、剧情都太透了，没什么回味的空间，整个节奏也太拖，缺爆点，比《极恶非道》差了一个档次，但是呢……最后的十分钟好戏，及格了
元非,5 星,混帮派果然还是贵支出身的最能上位。黑白通吃，身份切换毫无PS痕迹。
武侠小王子,4 星,李政宰的阴柔狠辣也颇有杜琪峰中古仔的几分意思。
阿德,4 星,干，又是自编自导，节奏的把控很强，标准的商业片范，非和谐版的“无间道”（穿插的暴力和结尾的安排只能让国内导演艳羡），继续感慨韩国电影的生命力吧！
法兰西胶片,4 星,对林岭东杜琪峰这一类的包装再生能力已经炉火纯青了，配乐还是《色戒》的变奏，相当可以。
山上风下,4 星,愈加看清无论身处黑白都只是棋子，正义也不过是搅局的幌子，还不如更珍惜真挚待己的兄弟情义，学会心狠一黑到底。爱情片一刚，李政宰是很帅没错啦，但假如让河正宇来演会不会更好啊。。。。
笑挽冷风,4 星,人物架构有迹可循，深受香港电影影响，非黑即白，正邪不两立。有飞车有心理战，步步为营，追求故事精彩和商业娱乐性
月下独酌,5 星,这部韩国黑帮文艺片上很多老港片的影子，应该受《无间道》和《黑社会》影响很深。很喜欢黄政民和李政宰在影片中的表现。
水浒三国金刚,4 星,无间道+极恶非道+黑社会
大島,4 星,当卧底就等于加入了最大的黑社会
马千,5 星,比无间道好一个档次。更纯粹，更人性。
汪金卫,5 星,《无间道》+《黑社会》+一黑到底。张力十足，扣人心弦。真好看啊！发现类似题材的韩国电影都处理成这种一黑到底的模式，让观众看到最黑的结局。够劲！李政宰和黄政民演得太好了。音乐也太棒！即使有些角色与节奏上的问题（女性角色存在感弱），崔岷植演技没发挥余地，但还是瑕不掩瑜，果断五星
jun.,3 星,渣脚本。
赵启辰,3 星,一直两星到最后给加了半颗，只有两段音乐反复用的穷片儿，至少可以再剪短15分钟，老婆出现得太晚且没给任何信息量以至于开头警察的小撒娇完全找不到由头，加之中路情节太墨迹太平淡无奇，结尾除了逆袭又没有任何可能性，基本就被作者封闭住了。Diana小姐你一定是被帅哥迷惑了！
丁小猫,4 星,果然是无间道+黑社会，不过绝对可以加入#美妙结局#名单！
赱馬觀♣,4 星,韩国类型片固然个性不够鲜明，但因此就抑制不住给《新世界》打二星，还是基本忽视了电影存在着类似绘画技巧的专业美学门槛：可以缺乏原创，循规蹈矩（虽非大师级画作），但各主要环节，却绝对不能表现的业余（但没人敢说我画技差）！国片近期烂片云集，恰恰就烂在：观众一眼便知，那厮根本不会画画！
乱骂2分之1,4 星,我对无间道的无情感性和理想化不满意。在这里获得了，虽好我一眼就发觉黄政民为关键角色。但是此片也仅仅是反转无间道。
国产凌凌期,4 星,完不完爆无间道先不说，电影质感相当不错。李崔黄三人演技对抗撑起来了半部电影。另外，黄海和新世界的教训告诉观众延边的朝鲜黑帮都是打不死的bug设定。
shawnj,4 星,这世上果然有比陈永仁更憋屈但也更会求生的卧底存在，“我想做个好人”已经过时，洗白不成干脆就做成pro。纵观全局，中国黑客、华侨、延边棒子无处不在，这是多么大的一盘棋。
元宝宝,3 星,我怎么看完以后感觉是韩国版的无间道呢？即使故事终结了也没有所谓的赢家，无论黑道白道，人在江湖飘，自己的命运永远不由自己掌握！
American Eagle,5 星,第一次看到这么精彩的韩国电影，布局和逻辑非常缜密，演员的演技真是精彩，李政宰简直是出神入化。且非常的有无间道的感觉，原声配乐极为大气，卧底被揭发出来和车库打斗戏悲壮精彩，难得的好片子！
有心打扰,4 星,甩了同时期香港黑帮片几条街了..自惭形秽；从剧情、演员、配乐到镜头，似乎都无可挑剔了，很赞；兄弟有义，制度无情。
回转艾丽卡,4 星,龙虎风云无间道黑社会教父一锅炒，没有片尾的前日谈就是个充满即视感的大杂烩，但最后两分钟硬把片子拉高一个档次
栗色雪,4 星,韩版无间道，人物都立得住。可惜点儿的是李政宰的角色从头到尾都太受气包，黄政民倒是痞得来劲儿。阵容华丽。
话事人,5 星,崔岷植是看起来很老还是真的很老了，政民哥还是演什么都那么优雅，丁青在子成面前杀卧底的时候到底还是。。。前面奔放后面压抑配合临终遗言加上个黑暗的结尾在上一层楼。片子里丁青口中的延边老棒子和中国律师对中国黑客的介绍真的是他妈的好玩
boks,5 星,开始还觉得致敬或借鉴无间道，后面一黑到底干了 ！！ 哪有什么警察身份、卧底纪律、卧底卧到坐馆的伦理困境啊，做得好继续做就是。黑帮即政治
Esaka.lower(),1 星,李政宰你从来不吃亏啊。
沙漠中的西蒙,3 星,6分，开局一般，结尾才渐入佳境，人物塑造也略显凌乱【也是开头差的原因】，好莱坞拿去改编，想达到无间风云的程度，还是需要再下一番功夫的。【该片的分数范围6-7分】
大桥哥的世界,4 星,金权所至，人才云集。
悦然,4 星,被最后一小段感动了。
你还有没有梦想,5 星,今年看过最好的韩国片
Joe,4 星,不一样。
无趣,3 星,延边棒子出现后剧情就因为不讲究逻辑细节猛然地崩坏了；大哥和卧底强行的cp也让人不适。当然血腥度还维持在一贯的水准，演技也仍然一贯的强，结尾也保持了韩片善于思考的好习惯。三星半。
birds,4 星,可媲美无间道
万古如长夜,5 星,比无间道的水平还是差了很多，阵容、编剧、情感都不如，但不失为近期好片。看到崔岷植的名字，眼睛就不由一亮，从《醉画仙》到《大虎》，一直很喜欢，不过看惯了古装的他，对现代装一时不适应。他与李政宰最后一次见面说的话，就像弹簧拉到极限而崩断，势必造成对方逆反，既然回警无望，就彻底清除根迹
bluerain,5 星,韩国版的《黑社会》+《无间道》
吉米糕,4 星,黄政民
秋末,3 星,帮会选大哥 + 卧底情节，普普通通，没有《黑社会》那么文艺，没有《变节》那么二逼
Wesker,1 星,不错
魏无忌,5 星,很棒，更香港。中国黑客那段儿稍微有点儿儿戏了。
shoegazerbaby,3 星,最后黑化得有点超现实了，演员们很棒，不靠脸蛋，真正靠眼睛演戏，感觉摄影师把这些戏精大叔的每一个毛孔都拍进去了，表情自然要拿捏得非常精准才行，以及黑道基情果然最带劲了，电影里没有拍全的回忆杀可以脑补好多同类型的漫画和小说23333
春暖花开,3 星,与黄海相比较，更喜欢黄海
Sisse,4 星,紧凑 无间道老套路 但是有心意有新意
良孬孬,4 星,狗急了还跳墙呢，人急了砍人也算正常了吧……
沧海一小生,4 星,回不去了，所以很现实！
你大立,4 星,结尾仓促了些，仓库那段戏想鼓掌。但还是好好看，和无间道一样好看！
冷兵器的残泽,4 星,《无间道》与《黑社会》揉杂，创造出即不同与日本黑帮电影，又有别于香港黑帮片的韩片风格。几位男演员的演出各有特色，都非常出彩，女人在本片退居次席，这种构造故事的思路，明显也与无、黑二片想似。2013韩片最佳之一。
Frankel,5 星,http://movie.douban.com/review/6681113/
影毒肥佬,3 星,"崔岷植 黄政民 李政宰 買碟快進看, 對不起, 所以才評分低, 沒法, 戲院沒上..."
狂接舆,3 星,片子完成度不够，主要是后三分之一展开得太仓促。角色塑造上也欠火候。还是香港黑帮片的影子，有【无间道】，有【黑社会】。可看度还是不错的。三星半。
麦提爽,3 星,配角相当出彩！但极为反感主角如此的表演，导致观影乐趣下降。故事也没啥新意，文艺黑帮片。
马克西米利安,4 星,"首阳大君太帅
"
米O,5 星,陪边口口看的。本来对黑帮片一直不是那么感兴趣所以前半段没怎么看。后半段看进去那个爽啊。韩国电影真是强大。
泰坦,4 星,犹如压抑很久之后的爆发，张力十足，兄弟情谊的铺垫不太到位，要不然丁青会是一个经典的角色。
小岩井,5 星,韩国的犯罪片真是拍出感觉来了，大有香港当年之氛围啊
huyouyou,4 星,真够血腥的，终于最后官逼民反，白洗黑了。#20130806
达斯佛™,3 星,你若真心对我，我便一生相随，其实是部职场爱情片。
人生hihi,5 星,赞的~
线形单调,4 星,新的世界，早就开始了。没有路可以回头。
Koretic,4 星,对于黄政民来说演出这样的角色实在不费吹灰，当然也依然好看。李政宰在这部里的表现其实比观相更出色，当然或许不是那种比较容易评判出的出色。工整且冷静的改编作品。无间道的几个改编都算做出了自己的特色。
ccjd,5 星,韩版无间道，而且反向立意，很好看。兄弟请有感动到我。
萬和生,5 星,说实话，比「无间道」好看。
冯小强,5 星,终于看了传说中韩版的《无间道》+《黑社会》，看到丁青死的那一段，我就想到了这个结局！韩国人已经完全逆天了！看看我朝的电影，只能说一个字：服！丁青应该是死而无憾的，他让自己的兄弟变成了自己！
娅,4 星,基友就是应该相爱想杀滴
Hope·太多,4 星,黑帮片，美意港韩，各有特色。
hitlike,3 星,争首与卧底的戏在港片已经看到吐，该片自然少了很多牵引力
大米虫子,4 星,不想当裁缝的司机不是个好厨子，不想当大哥的小弟不是个好警察！！！
一條魚佔滿了河,4 星,有點像《無間道》和《黑社會》相加，警匪博弈、臥底疑雲、權力鬥爭，但又不盡相同，敘事方式、人物刻畫等部份其實頗有文藝片的味道，但是在劇情、節奏上又很商業化，兩相融合的恰到好處，令影片內在深度與外在可看性俱佳。人物的性格和心理層次，配合演員的精彩演出，太討人喜歡了！
Margo,4 星,真是...一对好兄弟...
乐义,4 星,无间道+黑社会的大集结！爽！
熊猫,4 星,韩版无间道？情节紧凑，时长2小时15分也没有拖沓感，结局虽然猜到了，但还是被震了一下，最近韩影越来越爆发了…… 国产片你到底要闹哪样啊……
半面阿何,3 星,我感觉没多少亮点
寂寞的眼,4 星,应该叫《黑暗新世界》，中国黑客威武了，能进去韩国绝密系统。还能进FBI的，怪不得米国都怕了。延边杀手真的是个讽刺，黑色幽默！不错！韩国黑帮片看发！
水水,4 星,各种黑中国啊
潘驴邓小仁波切,5 星,好看，真特么好看。
黄海,5 星,剧力就是在人从一端变成另一端中实现的。并且要使人物多面化，才能使发展合理化。
我还是我,5 星,8633  血腥刺激适者生存     “要想活下去，心要狠一点” --2013.07.14
月下海棠,5 星,牛逼 跟无间道各有千秋
Lara,5 星,虽然老套，但我还是爱死这种苦逼青年变成逆袭大魔王的剧了。
垣原阵,4 星,最后的决定啊，够狠才能活下去
秋熙,4 星,从容这件事，一旦做过头就有迟钝的嫌疑。史诗范很好啊，但是至少对受众的预期应该高点，结尾的回忆实在画蛇添足。本子真心赞，演员也无可挑剔，就是闲笔太多，毕竟不是长度成就教父高度的呀亲~
浮影人生,4 星,"黑！少见的一黑到底的类型片。摄影、音乐超棒,血腥戏视觉冲击极强,虽然影片长达134分钟，但情节紧张、紧凑，虽然个别场景略拖沓，但未影响全片的可看性。前半部分像极了韩版《无间道》，尤其人物内心在黑白间挣扎几近崩溃；中间仓库一场戏又是韩版《落水狗》。但影片后半程过于夸大了一代枭雄的能力。"
mmmaladies,4 星,走心。
arters',5 星,韩国电影好评一个
我的化学罗曼史,4 星,自作孽不可活啊。
leweizhang,5 星,单纯的黑帮 卑劣的警察 所以李政宰利用黑帮的单纯 警察的卑劣走上了最高的地位
弗坦斯,4 星,这是无间道的超级加强版啊
sleeptu,3 星,前半部分节奏拖沓，后半段很不错。大叔演技张弛有度，政宰基本就是耍酷了。
贝塔先生,4 星,我又看了一部韩国黑帮片。
潜意识,4 星,都说是韩国版无间道+黑社会。比起港片的厚重的人文情怀，韩国黑帮片则是简单明了阐述黑白世界里男人之间的情和义。紧凑，痛快，张力十足，演员的表演和配乐烘托加分。细节不够缜密，节奏有快有慢，但依然完胜北爷的极恶非道2。PS：确定饰演丁青的不是杜德伟？！
Celesteblanco,4 星,韩国电影这十来年好像突然开窍了一样，继承了几十年前香港黑帮片的气质，然后把它发扬光大。连《无间道》这种神片也能学得这么像。p.s：从《艋舺》到《新世界》，这么多纯爷们儿的电影都能被你们看出基情来，还能不能跟你们一起玩耍了。
完颜穆尔登格,5 星,"港产无间道经典，美版翻拍无间风云差了一大档次，但是韩版居然另辟蹊径！
兄弟基情、暴力斗争，整个节奏紧张好看，李政宰演技爆发。
最不合整片风格的是搞笑的延边老棒子，每次出场害我嘎嘎大笑，威武的延边朝鲜族在韩国电影里已经是固定样板了。"
窥窗桃枝,4 星,节奏上不大对，前四十分钟有点拖，但还是挺好看的，尤其喜欢这个结尾。看这个戏的时候我处处有种透过镜头看港片的熟悉感，加上推倒旧世界建立新世界的超验骇客和延边旗兵均来自中国，我简直不知道该用什么样的表情来面对这部戏。
靜ル靜靜,4 星,演技很好啊！就是很好
加长凯迪拉克扎蝴蝶结,5 星,韩版黑社会。
宅猫,4 星,今年的片子里已经算是出彩的影片，但是还是达不到无间道的高度…无间道更注重刻画人物入微的心态，这里似乎仅仅是兄弟情，此外宋智孝的角色也有点多余。
Foley,4 星,本来我以为是《无间道》，接着我觉得是《扫毒》，看到后来才发现，原来还他妈是《无间道》。崔岷植=黄秋生，李政宰=梁朝伟+刘德华，还有莫言老师还是《熔炉》里的猥琐校长真的比较适合您。
ccinn,3 星,三星半，如果我没看过无间道没看过黑社会肯定给四星，如果没有最后的结局给两星半。
杉爷,5 星,虽然看完了好几天但是迟迟不能写评论。又是陷入电影情绪几天出不来系列。实在棒！绝不拖泥带水，韩国电影中不叨逼叨实属罕见！！兄弟之情有好多细节越回味越觉得动人，这种剧情真的不腐不行啊。。。好想体会一下男人所谓兄弟是种怎样的感情。无需多言——我一直认为是男人最大的美德之一。十颗星！
羊男的乌鸦,4 星,"叱吒风云 我任意闯万众仰望，
叱吒风云 我绝不需往后看。
一开始以为是无间道，人最狠的 是对自己的无间道……"
代我白头,4 星,线索过多，人物情感不够饱满，但很好看，黄强势，崔酱油，李弱了点。
疯狂的二狗,4 星,好爽！
科学家种太阳,5 星,超越了无间道。。。
王福,4 星,哪儿有金允石～
x,3 星,比较一般
蜗牛,5 星,"好催人泪下的爱情，两个深情男人的新世界！
李政宰潇洒且无他的那一挡，黄政民临死前担心的是怕再也看不到他了。怕他自己活着，对方怎么办。真的好催人泪下！"
🌙e-L°。,4 星,老大
茕茕白兔,1 星,浓郁的港片气息+韩剧的温吞节奏=《卧虎》升级版  猜到了结局，在丁青断气那刻
elimu💤,4 星,我看动画看太多了…喝多了脑子也不太好用…片子很紧密剧情很赞演技也赞音乐感觉还不够总之全都挺好适合男孩子看
刀尖舔蜜,5 星,五星是给黄政民的 丁青大哥！
Riobluemoon,5 星,8分。与其说类似《无间道》，还不如说更像《黑社会2：以和为贵》。只不过古天乐最后是被逼上位，而本片男猪则干脆斩尽杀绝。整个故事布局合理，情节紧凑，尽管早猜到最后结局，但看片过程依然很过瘾。黄政民好象梁家辉扮演的大B，气场强大，让人难忘，几乎喧宾夺主地掩盖了李政宰的光芒～～
Alfie,4 星,五星的剧情、剪片和配乐，唯一后腿的是李政宰的表现配不上另三位男主，演技好的快赶上周杰伦了吧。。。
八月,4 星,韩版《无间道》，所以最后的大BOSS李政宰才是大赢家，结尾的设定好NB！
微末。,4 星,我越来越偏爱韩国的片子，人性的丑陋淋漓尽致。
战国客,4 星,无信用的警察以为可以一直使唤傻小子，却不料被傻小子给干了，这感觉真爽！
皓宇,3 星,请问这个片子是在炫耀中国的黑客技术么？
韩景峰看电影,4 星,影片的故事虽然并无新意，但仍然具有一波三折的动力，这让两个多小时的片长没有成为一个恼人的问题。电影就像用粉笔画了一个怪圈，将人置于信任与不信任的残酷而纠结的斗争中，其中着重描述黑帮阴影下的人物命运。这个故事渗透出来的严肃，甚至使那些过分血腥的镜头都显得有些突兀。
林二湖,5 星,要不是讲韩语，以为杜琪峰拍的呢。
思路乐,5 星,【A】不能简单的把《新世界》与《无间道》进行优劣对比，其实两者很不一样:《无间道》对于警匪的描写偏向艺术化，而《新世界》则更加注重于黑暗沉重的现实风格渲染。在主题的刻画上，双方都有各有千秋。《无间道》突出的是香港世纪之交下的个人宿命，《新世界》强调的是人性在灰色地带的沉沦与反叛。总而言之，在人性的探讨下，两者都在方向不同的道路上走出了自己的风格，都值得大加赞赏。
大脸,5 星,牛逼
没有感の情圣,5 星,又是比较喜欢的黑帮片，卧底做到这份上我想给谁都是一样的选择
Leonardo,5 星,太不错了
Lans_lot,4 星,近几年少有的黑帮佳作 虽和寒战一样取名于一个作战计划但远胜前者 前半段的铺垫用了非常平淡的叙事在这个过程中看到了仲久的狂李政宰的软丁青的笑里藏刀 因此会不停的去纳闷为什么要安排李政宰去担任这一一个又文又软的黑帮身份甚至质疑到了演员本身的气质 结尾一段压抑而残忍 被一个套中套逼到绝路也
flyingzorro,3 星,卧底逆袭成功！
LMFDean9,1 星,黃政民的國語牛逼！
orange,4 星,黑结局好评
扭腰客,4 星,最后的结局深得我心，好样的，李代表。
惹草苳,3 星,浓浓的香港黑帮片味道，或者反了？
情迷大咕呆,5 星,兄弟…帥…
恩来居士,4 星,所以韩国黑帮的真实战斗力都在我天朝这儿啊，黑客和延边老棒子才是龙头拐杖
c7小小,4 星,牛逼哄哄的韩国电影，其实有很想打五星的冲动
有嗳,4 星,无间道
你的盒饭掉了,1 星,看了哭声才去找的黄政民的电影看。。。此片男猪一副扑克脸影到完啊而且好像没见他做过什么事就成为老大。。。真囧啊
清舞翩翩,4 星,黄正民凭演技获影帝，和韩国钟汉良激情无限。黑社会如果被更大的“黑社会”同化就是新世界了？不不不，杀杀杀，老婆手下生活处处有卧底，只有狠一点当老大才是王道！！！
小丸子,4 星,比无间道更流畅，气氛比无间道阳光一些。
养乐多,5 星,近乎完美
海娃兒,4 星,7.8分。故事发展和结尾都是观众喜闻乐见的，不过中段各条线索的篇幅设置还可以更紧凑更吸引人。
Panda的阴影,4 星,⒈黑帮片也算看得不少，但其并不是我比较青睐的类型；⒉导演朴勋政承认该片100%的构思是来自于《无间道》，朴导演自己说他很喜欢《无间道》，也特别钟情这种题材；⒊黄政民表示，片中有些角色是华侨身份，需要掌握一定的中文。但和全罗道方言比，中文实在太难了，到最后也就达到听着跟着模仿的水平。…
月球漫舞者,3 星,三星半。比港版与美版都要黑，简直是一黑到底，少了人情味，多了无力感。可惜导演手略生，很多地方材料安排都明显生硬。
ButtMan,4 星,找不出啥缺点 但就是感觉还缺了哪里的一颗星
反山,4 星,李政宰太他妈帅了，人物的状态诠释的太好了，这必须是影帝。
卡不R,3 星,为了懵智去看的，结果她是去打酱油的
moyaliu,5 星,韩国也能拍这么棒的黑帮片啊。
薇罗尼卡,4 星,总觉得配乐抄袭了色戒……
薇罗尼卡,4 星,总觉得配乐抄袭了色戒……
Naza,4 星,李政宰阴狠略显不足啊。镜头很美。剧情总体不错。
★,4 星,4“心狠一點，才能活得久一些“丁青一句話，讓李子成明白，這世道不存在身份上的黑白，只存為活著而活著的理由。你可以一秒前為信念活著，也可以一秒后為利益活著，這是符合任何時間空間內的生存法則──勝者為王，敗者為寇。PS：同是華僑這個安排，太讚了，再次驗證孔老二關於”血統論“的說法。
通叔,5 星,黑化的结局，真爽！
君紫隆,4 星,有很多细节 没看懂，给 4星 吧~
john3376,3 星,三星半
木头人,5 星,为了生存，人是什么都做的出来的。挺喜欢这个结尾，这么多年亦正亦邪担惊受怕的过日子，还不如狠下心选条道一条路走到黑。
本~拉稀,4 星,韩国黑帮片能拍成这样，审查制度的开放功不可没啊。
哇哇哇哇哇,4 星,故事张力很足，不过真的不是俊熙附体么。延边老棒子简直无所不能嘛！
少言,3 星,三星半。都是《无间道》和《黑社会》玩剩下的。赞结尾。
孔雀森林,5 星,一将功成万骨枯。最后一分钟，点晴之笔
蜗牛,4 星,起初以为是部警察智斗黑帮的警匪电影，后来才明白是部卧底力挽狂澜的英雄电影，再到最后，操，是部邪恶战胜正义的黑暗电影。直到现在，过去这么多小时，细细回味，颇有感觉。却不敢再乱下定义。韩国电影真的很值得推敲和抓细节
巨峰巨峰,5 星,真是好看，西巴
老羊,1 星,"《好一片 新世界》

暴力美学吗？中国狗头军师？警察牺牲小我换取灭黑？
血腥！有汉语！充满鲜血与欲望的战场，新世界何日来临？

低俗不入流黑社会影片！"
geniuschow,5 星,很少推荐棒子电影，但不得不说：这部是非常好的黑帮片，直接颠覆了卧底片的惯常套路。结尾更是一黑到底，见不得任何光明……
gy2001316,5 星,比无间道更无间道；李仲久太像83版的杨康了
SaoirSe,allstar20 rating,哇，宋智孝身材不錯~(ฅ• . •ฅ)
晚晴先生夏雨庭,4 星,韩国的无间道比无间道虐心得轻快多了，结局也更符我脾胃一些。组织什么的，挡我者屎。话说韩国电影什么时候流行黑帮小偷之类狂飙烂中文来的？
朱林昭,5 星,久违了的黑帮片 继承了自《教父》以来的光荣传统 除了《无间道》+《黑社会》 还让人想到深作欣二的《无仁义之战》 正义 帮派 名利 都比不上兄弟送的一块表啊哈哈哈~
木二开,4 星,比无间道更黑暗，卧底逆袭当老大
30日后又是咸鱼,5 星,继汉江怪物之后 此片又一次刷新我对韩国片的认识 细腻又充满张力的剧情 巧妙的结局设定 配乐实在大赞 每个角色都有发挥 丁青相当出彩啊 朴勋政编而优则导没有失手呢  (另外，作为正装控真是大饱眼福啊)
荆棘,4 星,前半部拖沓，后半部很好，结尾最棒。宰明显不是中国人样子嘛！其实正邪的分界是什么呢，都是人心。
爱是寂寞人,4 星,黑吃黑
Makoto  Tatsu,4 星,结局不错，有点峰回路转的意味。
KevinZii,4 星,又黑我母校蓝翔。
eroslee,4 星,三星半，不到四星水准
饺子馅,4 星,现在的韩国警匪片已经超神了
慎独,4 星,结局真是大快人心，不过中间有些慢，害我不停快进。回去看第二遍，写影评。绝对不认同这电影高于无间道系列
DragonProudSky,5 星,非常不错！！
阿尔法,4 星,无间道，黑社会啥的就不说了，兄弟情在深刻画一点就好了，一股流水线的味道就不好了。女人基本没有戏，就算不给陈慧琳戏，连刘嘉玲的戏也给不可以有吗？
儿 子,4 星,兄弟 只论道义
微笑的鱼,3 星,李政宰你让我失望了！
爱佳佳,3 星,韩国电影又恢复成韩国电影了
霍乱,4 星,合格的商业片
菠菜逛基辅,4 星,结局很带感！延边老棒子太拉轰鸟！！！
光年‖影视歌三栖民工,3 星,卧底几次三番听到接头警探说最后一次，不想再做了。这让我想起无间道里的梁朝伟
心有戚戚焉,4 星,企业文化建设太重要了
枯川满,4 星,稳扎稳打的故事推进，一点也没有飞飘起来的炫劲，却完美的诠释了什么叫狠，什么叫木有退路以及男人是啥等问题。这当中的情义认命与不屈看得让人揪心。至于那场电梯混战，虽寥寥几镜，却无比惨烈！乃全片最亮点。片子又顺带歌颂了无所不能的中国人，延边的爷们能打真硬仗。
猪头山太子,5 星,非常棒！
小时隐,4 星,基友情(＞人＜;)
朱熠,3 星,毫无新意
KID,4 星,暗黑版无间道
饭范儿-3048,4 星,除了主线，别的都做得很认真，可看性较高。
迈克尔逊干涉仪,4 星,还是忍不住说了一句握草。李政宰确实没有黄政民角色出彩。不过卧底能到这个份上，绝逼韩国电影没错。我伟光正的人民警察？不可能！！！
犬系少女刘七七,5 星,心不狠站不稳。PS：我觉得丁青对李子成是真爱，各方面来说。
mR.Sandals,3 星,看前半部分完全像罗洪镇的片儿 还在想他怎么不用金允石 后半部分的风格才慢慢不一样了 整体感觉还不错 收尾之前的半个小时 合的不是很理想 仲久跟丁青的死处理的值得商榷
金属,5 星,确实混杂了港日的黑帮片基因，拍出的味道还是值得力荐
archeryuan,5 星,这个片很牛
袁大发,4 星,阿西巴！
吖浅↖啊77,3 星,猜到结局，过程合理，张力适中，铺垫不足，巴哥略多。明显模仿港片的痕迹，韩版《无间道》《黑社会》，但还是少了太多味道
二表兄,5 星,后面拍的比较抓心，挺文艺的。
路人乙,4 星,四星
Mike Suen,5 星,"这电影能看到香港黑帮电影的影子,几段配乐有点和杜琪峰<黑社会>相似,模仿的同时还犹豫超越.导演本是编剧,编而忧则导.虽有漏洞但故事仍算逻辑脉络清晰.镜头运用不算出彩,最后的回忆多给一颗星...PS:黄政民和崔岷植演技大亮,大枪了李政宰的戏."
远子,3 星,该片解答了我以前看香港黑帮片时的一个疑问：卧底这么厉害，干嘛不直接当老大？
唐荣,3 星,受不了处处洋溢着的装逼范儿
阳光下的家,5 星,还算精彩！
花璐爷,4 星,"【无间道】+【黑社会】+【教父】……
丁青和李子成的丽水爱情故事"
叔是,4 星,明显看得见那部港产黑帮片的影子，和中日比这块韩国还是差点。故事说得很清楚节奏合适张力适度就这蛇羹总是欠点火候，会也拍个三部曲么？黄政民的角色塑造得相当饱满啊~
nikki,3 星,我是觉得一般，警方面太含糊了，崔岷植的狠也有点莫名其妙了。而黑道方面又有点像胡闹，虽然打架杀人场面挺多的吧。另外我又再脸盲了，我觉得李子成跟李仲久这两个角色脸怎么这么像呢（李政宰对不起），演丁青的黄政民我倒是分得出来，因为太丑了，到最后我也觉得他演得最好
Yazawa,3 星,人物和剧情的刻画都太苍白，对于黑帮里警察的危险状况几乎没有描写，所以使得之后的剧情转折变成很生硬。整部片就只靠着几个老演员的演技在撑，说是韩版无间道，简直差了十万八千里呢。
两仪·式,5 星,很久没有看过这么棒的艺术品了！向香港致敬，向教父致敬，像一切活在黑暗中的光明致敬。带来改变，创造新世界。
life comprmise,4 星,群殴的五分钟很是精彩……
yezzi,5 星,成者为王败者为寇
钻石也疯狂,5 星,逼良为娼的典型
公子岳,5 星,黑帮电影的上乘之作。今年韩国优秀电影如《柏林》《恐怖直播》《新世界》《雪国列车》，除最后雪国列车，其余皆阅，大赞。如果《雪国列车》能在国内顺利上映，定去影院支持。ps.这是一部中国黑客搅浑棒子黑帮集团的故事。
楊大叔,5 星,心要狠一点，才能活下去，才能存活于新世界…
綜於元味,4 星,坑挖的太大，看你第二部怎么补！PS.在北影放映厅看的， 影片结束全场鼓掌，片尾播放过半才开灯，后排还有老师在给学生讲课，观影氛围就是不一样啊！
夏天De西瓜,5 星,电梯大战加一星吧 这下全世界都要黑帮片了
zzy花岗岩,4 星,相当精彩的黑帮电影，故事发展虽然可以预见到，但情节设置和戏剧冲突都相当有张力，李政宰的角色不断充斥着纠结的心理变化，帮内纠纷也很引人入胜。但是前松后紧的节奏还是有些不足，配乐极具感染力。黄政民的配角很抢眼~
Iker,5 星,帮派内斗，boss光环不断变换，最后的结局真的真的要给个大赞~兄弟情大过天点赞~延边老棒子点赞~
风中摇曳霸王花,allstar20 rating,雇来的延边老棒子我以为有多牛逼，就他妈拿砍柴镰刀的村炮货色。。。。。韩国黑帮就特么只会包装输出，打群架还都穿着西装，不嫌别手吗
枣,5 星,“对自己狠一点，才能继续活下去。”一开始不喜欢丁青这个角色，总是一副流氓样，到后来看到他知道李子成是警察后没有杀他开始对他改观，死前对李子成的那番话真是感动啊！卧底能卧到这程度真心不容易啊！话说韩国的黑帮每次出来排场都那么大嘛，尤其医院那场，那黑压压的一群人出现在医院里不得吓死别
信电影得永生,4 星,"“once you go black you never go back”。
靠故事取胜的黑帮电影，结局也是卧底警察的极致。有点黑，有点邪，毕竟，李子成还是有挣扎的。这是部男人电影，女人都是配角或花瓶。总觉得这样的戏是会拍续集的。哈哈，里面居然有苹果手机，还有很多处在称赞中国的黑客。good  joke。"
软糖莫爷,4 星,李政宰太帅了吧？！
文风,5 星,看的真high
咗咡,4 星,玩就玩到底，没有退路，就只能前进。
海狸狸狸,3 星,关于卧底的最完美结局。
你的益达,4 星,华侨势力大逆转，让我心中升起一股闯荡拼命的豪情悲伤。海潮弥漫的天色下，熟悉的音乐烘托出不由自主的黑白风云。洗白染黑，是对利益的选择，无从考虑所谓重要的权力维系，但是，那段兄弟情还会流传于海风，只有自己才能品读。
m2,3 星,前半段太像电视剧了，后半段才起范儿
哔呣咣啵の哸啐,1 星,韩国人已经可以把黑帮片拍的这么棒了。不管是警察还是黑社会，玩太多就容易脱啊。
Asahuman,3 星,大爱黑帮电影，酷，帅，冷，牛。剪辑是最大败笔，假如整个片缩短半个钟，将叙事速度加快，大胆抛掉唠叨对白和拖沓的感情戏，有可能成为5星电影。
木偶,4 星,缠网之鱼
尉迟上九,4 星,特么的，看一次泪一次！！大爱黄叔
小车,5 星,与无间道相提并论还是略逊一些，这里只有警察卧底黑帮，那么结局也没有什么悬念。中间剧情发展节奏快剧情合理不扯淡不拖沓。第二次见棒子能拍出好电影。第一次是熔炉。
Garcia,1 星,傻逼电影。。。
bookbug,5 星,近些年最好的黑帮片，一气呵成无尿点！很多人说超越了无间道？倒也未必。在卧底题材里，任何电影都被拿来和无间道比本身就证明了后者的地位注定是被致敬的。相比而言，新世界在黑帮卧底的单线上走得更深更远，李政宰的一黑到底令人拍案叫绝；无间道则是典型的双线条，卧底之外黑警的身份挣扎更是亮点。
sweetbear,3 星,靠演员演技支撑，黄政民演技真好。
BiBi,5 星,韩版无间道。但对比港版和美版，更为凌厉血腥和黑暗绝望。片中人物基本全面黑化，正义与罪恶之间已然模糊了界限不分彼此，非常深刻。PS. 大赞那场数百黑帮血战地下停车场，及电梯内手刃数人的场景。
紧张大师,5 星,老套的剧情让棒子拍出来怎么就那么好看呢？
没头脑又不高兴,3 星,片太长太拖，要是更紧凑会更刺激的。科长就是蠢，害死卧底，又不讲人情，死了活该（不过被刀客那么远过来捅死，太菜了）。电梯戏太假，后面的人刀在手上都不捅，都去抱，结果被丁青捅成傻逼。最有力的一场戏就是在仓库里面杀卧底，那段太紧张了。。。最牛逼的是丁青。！！
calf_lau,4 星,No.63
非魚,4 星,没有卧底…
DennisChee,4 星,人在江湖身不由己，他被逼无奈做出的选择也许是最好的，但也可能是最坏的。
发条橙,5 星,韩国的《无间道》非常赞的犯罪片 剧情 设定 以及角色塑造都非常厉害 尤其结尾 真的太绝了！直接升华了整部电影 大爱黄政民这个角色 ～
LoCo,4 星,一部干净利落的片子，关于中国黑客鼎力支持海外华侨的故事。
Tigerbaby,4 星,故事很有张力，丁青十分生猛，演员都好疯狂，基情四射要泪奔了。李政载演太好了！
嘟嘟熊之父 🧸,3 星,论文戏与武戏的风马牛不相及。
宋耗子,4 星,好剧本太重要啦！
Gemini,3 星,1、李政宰比古仔更有张力，这点上是黑社会；崔岷植比黄秋生不要脸多了，这点上是无间道。所以没有最黑，只有更黑。2、开始就能看到结局的电影，没有几部是好电影，这部还算勉强。3、中国的黑客强大，延边的大叔生猛，丽水的华侨激情四射。4、没有龙头棍就像少了穿线的针，有点散。
时间之葬,3 星,延边老棒子
低等游民,4 星,虽然和无间道讲的完全不是一个故事，但风格很像，沉郁大气，韩国的犯罪和黑帮片确实还是有一手的，虽然结局不是很出人意料，但还是禁不住要赞一下，四星半
Mr.Kk,4 星,一黑到底 才有新世界
daangel,4 星,韩版无间道，叙述了卧底的另一种结局——当老大。不过还是那句话：够狠，才能活下去
宁静雪,4 星,在你痛苦的时候是兄弟站在你身边，只有你成功了，才有组织替你着想。当然，这种想，也不过是为了利益吧。为兄弟之死遗憾。
裹梦,4 星,心要狠一点，那样才能活下去。
臭蛋,allstar20 rating,架子和结尾各得一星。总体是个大烂片。跟大哥就要跟同意种族的，还有跟一个幽默的人。
山下猫,3 星,太长了，女卧底老婆那两条线拖。想讲两边墙挤压鸡蛋，但太蠢太夸张，有点嘲笑观众图森破。最后也是硬碰硬的解决方法，没有机巧，缺少些趣味
重光,4 星,三星都给李政宰的帅，其他一般
Reminiscent,4 星,现在的韩片太厉害了。
Annabel,3 星,还不错，就是节奏太慢
软蛋黄,3 星,寡言少语的男主角看着特别揪心，前面铺陈太久，后面收网太快，总会想到银河映像。
西看电影,5 星,谁又有错呢，我们只是为了活下去。身不由己，要么不开始，开始后，总是无限小数，没有终止。 做男人，就是要狠一点。
leslieQ,4 星,无间道。。。
豆邮(99+),3 星,中国黑客能黑掉FBI内部信息数据库？！韩国棒子真心高端黑啊，蓝翔技术学校表示躺着也中枪了！！！
华盛顿樱桃树,4 星,爽！黑与白看似分明，实则万事没有绝对，对比黑白两个人物，做出最终的决定一点也不例外，甚至在情理之中。喜欢这样的人物设定，好与坏的界限异常模糊，没有标准的好坏，只有作为人物的两面性。人物都很立体，故事自然差不了。叙事流畅豪不沉闷。同样的题材，总是会聪明一点。
王大早晨,5 星,韩国的黑帮动作电影最近越来越自成一派了
某J。624,4 星,可看度极高，每个人都演得很赞，但黄政民还是太牛b，再加上丁青这个人物，重情义又够狠，仓库、电梯、医院，三场戏印象深刻。不过论狠谁都比不过警方，兔子急了会咬人，人心易变，没人知道最后变成弃子的会是谁。看完最后回忆杀的我，因为这伟大的爱情哭了！
jiji,4 星,细节上有几处小问题，可看性蛮高的。结尾好。
神经病有所好转,5 星,无间道+黑社会，各方面一流，难怪索尼这么快就准备翻拍了！崔岷植发挥空间不大，黄政民最厉害，中国山寨和黑客真是为国长脸了 哈哈！推荐
人淡如菊。无奈,4 星,顶黄政民的演技 李政宰的颜似乎是混合了好多我喜欢的男演员 崔叔没啥发挥 结局么从崔叔打电话给子成老婆时就预感到了！前半有些拖 吐槽点：天朝躺枪  三星半
铲铲,3 星,很少看韩国电影，看完《暗杀》后来的，没想到又是李政宰~演技非常好，可是仅仅作为黑帮电影来说，一是剧情不紧凑，我觉得压缩到一个半小时就可以，二是没有非常明显的冲突，全靠男主演技在撑，两个女主都可有可无。
游坦,4 星,如果两边都一样 李政宰选另一边不奇怪
君临梦飞,4 星,有些方面它只有棒子国可以做到。这是一条山寨路线，百花错拳
stacy,4 星,有点装逼，还有不够黑暗暴力。
张博,3 星,组织不可靠之后，干脆黑化了，并最后报复了组织。
无数,4 星,寿长乃无间地狱之大劫。
黑森林,1 星,山寨中国香港黑帮片。1星送神演技的崔大叔。
简约主义C,4 星,算圆了一个 警察卧底当上黑帮老大的梦  剧情也算黑帮片中的中规中矩 但是挺耐看
喵,5 星,最近爱上了棒子的犯罪片啊```
罗马路,4 星,中国黑客牛逼
bay135,4 星,相比无间道的浪漫，无间行者的写实，这部韩国版本的翻拍感觉更沉稳，更完整。整个风格比较隐忍，关键部分也不失张力，镜头工整，音乐出色，非常的成熟。相对于原版，除了一点点框架上的东西，剧情基本改的面目全非。尤其是两边都有卧底变成只有一边有卧底了。。。可惜了。
###疼,3 星,李政宰 崔岷植 黄政民三者的表演都很到位，主角李政宰和黄政民也比较出彩，十足韩国黑道味道，剧情就是卧底之变节，影片剪辑干净，剧情紧凑，但整体感觉未够深入，貌似只是以一个局外人的身份看整件事，虽然觉得很场面宏大，但感受又不够深刻，不过结局的闪回也很不错，加分
PT峰狂电影,4 星,韩版《无间道》+《黑社会》精华混合版，西装笔挺黑道社会，为达目的不惜动用一切手段的姜科长，陷入牢狱为求报复甘愿被借刀杀人的李仲久，顾及情义甚至不惜将自己置于险境也没揭露兄弟卧底身份的丁青，被一步步逼入绝境的卧底李子成，就这样在各方的影响下彻底洗黑打造新世界。★★★★☆
大队支书王佳青,4 星,女警察的胸很大，胸很大，很大，大！
列宁再见,5 星,已经开始超越港片
STRANGER,4 星,中国话太别扭了求别用分分钟出戏，中国黑客如此牛逼简直太长脸！子成他老婆居然最后没来捅一刀果然是我想太多！既商业化又偏文艺，无声中尖锐的划裂声很美，感觉就是绕过了无间道有点小突破吧挺好的。韩国黑帮打戏血多又飘逸真是每个导演都这尿性啊我居然看习惯了T T。
二不休,3 星,三星半
"杉小爱|好姑娘,咱们走起来",4 星,好伟大的爱情片，我都快哭了。卧底卧到这份上，才叫熬出头了。
slingXXXblade,5 星,给黄政民点个赞，基情大过天
Marty McFly,4 星,最后有点《教父》的感觉？朴圣雄很出彩。
林小七,4 星,做不了苦大仇深的好人，真想当个心狠手辣的坏人
Clarke,1 星,所以吧，上帝角色不好当吧。智孝女神也真是辛苦。西巴！
凤凰,4 星,披着《无间道》的皮，做着《黑社会》的事。两个小时的片子略感沉闷，但随着故事主线的展开也能慢慢的看下去，最后的那个片段无非告诉观众，做事别太过，时间真的能改变一切！老崔这角色要是换成像黄秋生一样的话，也不至于最后惨死……说实在的 老崔这角色真没演出花来……
九棒歪打,4 星,警方卧底熬出头成为黑帮老大。和‘无间道’比，好一点吧，更酷更现实。
囧萌萌,4 星,近墨者黑 真理 基片
一苇杭,4 星,赞！赞！赞！
bearhao1976,4 星,时势催生英雄，丁青比谁都明白，为兄弟情牺牲自己成全子成。
獨孤島主,4 星,朴勋政的剧本，几乎无懈可击，但节奏到最后失衡，比柳承莞略逊一筹
NickyROி,4 星,前面沉闷俗套的铺垫都是为了最后让反转来的更加震惊吗
李若水,5 星,牛逼，真牛逼。
佳宋,4 星,大家都太出色，李政宰就显得不给力。
董小长,3 星,20131029jtl除了黑社会兄弟情是看点以外，其他都远比港产卧底片要逊色，可惜关于兄弟情的描绘太少了，该细致的不细致。警察也好，匪徒也罢，人都是有感情的，当一方努力把自己塑造成混蛋时，就会逼自己人叛变，这是人之常情。节奏太慢，有些地方完全可以删减，科长和大哥演得好，前半程弱，收尾不错。
yolanta,4 星,是说黑道的兄弟情更真吗？演技都不错，黑中国山寨也别太认真。总体看，除了血腥和前半段的有点拖沓以外，4.5星是足有的
说唐说唐,5 星,我的菜~
π,3 星,韩国人眼睛怎么那么单，坐牢的人好丑，主角和被砍好多刀的人演的挺好，逻辑上不明白为什么把他资料锁起来了，看起来后面一段似乎是解释，但还是不明所以
小蘑菇一朵,4 星,很炫酷的卧底片！
如意算盘,5 星,卧底警察一黑到底黑白通吃扭转乾坤！无间道中的无间道。
心之呢喃,3 星,为什么韩国电影都要两个多小时……刚看完《传说的拳头》不就，又看到黄政民，这次从唯唯诺诺的面店老板变成平时玩世不恭，关键时刻心狠手辣的黑帮老大，演员的实力可见一斑。崔岷植也又坏家伙的世故变成了老练。两位好演员把主角的戏抢尽了。剧情方面，没什么特别，像是《无间道》和《教父》合体
孙正达,3 星,全是男性，很有政商，商战卧底，延边老棒，警察也坏，背后捅刀，丁青素质，打死另外，电梯血战，被吓流产，心狠一点，成了会长，六年之前。（十个影评）
ムルキキ,4 星,对黑帮戏毫无兴趣的情况下能不觉乏味地看完全片，可见故事节奏，剧本张力和人物刻画都不错。无间道的故事来来去去这几类，逼良为娼的挣扎表现得不错，只觉得人性层面也许警察尚不如黑道。P.S.丁青大哥对李子成是真爱。
KinG羽,5 星,同是讲卧底，没无间道们带劲，但也有自己的特色，就冲那“只要心够决”的结局与“两小无猜”的回忆，给五星没商量
芝麻红糖小花卷,5 星,说到底世界还是靠着情分运转的
StrawDog,3 星,腻味啊。假表哥倒是不错
wjule,5 星,虽然各种模仿，但还是很好看！
聚羽成翼,4 星,好孩子都是这样被逼坏的。有人就有江湖，你退得出嘛。
probe,3 星,从无间道与黑社会延展出卧底上位的反转算个点子，不过细节漏洞还是不少，结局对除掉警方上层更是不知所谓，韩式煽情造成的节奏延缓也让结局早能在观众的意料之中。李政宰与崔岷植可能是严肃的角色定位所限，没有黄政民发挥的尤其自然洒脱。影片诸多的华侨设定很有点被外部势力控制的政治恐慌寓意在里面
旺财sindy,3 星,不能接受崔叔变崔爷！！！啊啊啊！
超cute侠,4 星,无论是剧情设计还是演员表演都相当成熟的一部作品，导演并没有运用过多的商业元素来呈现这样一个跌宕起伏的黑帮故事，而是把电影的重心放在了角色内心的转变上，通过李政宰饰演的卧底从自我挣扎到完成黑化的过程来体现极端环境下人性的脆弱。崔岷植在片中发挥不大，黄政民倒是一如既往的好。
TesLa,4 星,4.99星！
敏敏,5 星,最后他还是学会了最后他在最后教会他的那句话。
Tekki,5 星,非！常！好！看！完成度相当高，布局精致，细节完美，原声爆燃，韩影再次惊艳，本土票房能屡屡令好莱坞大片败兴而归真的不是偶然
hellohitty,5 星,被讲义气的大哥感动了！！！加一颗星，强推啊！
[已注销],3 星,"情義在心好小攻, 你可以安息了。你們家小受對你也是真愛, 他在悲痛中遵照你的遺言豹變了。"
依旧西兰花,4 星,比《柏林》好看~
ASAKA,5 星,警察一手创造的新世界，什么善，恶，界线早就模糊不清了。即便同类片已被港片拍烂了，韩国人依然能挖掘出不同的东西，切入点相当独到，尤其电梯一段，镜头从上往下俯拍，敌对方在狭小空间刀刃相向，逃无可逃垂死挣扎，几秒成人间地狱，就传统群殴对抗动作场面而言，非常独特，令人印象深刻。
嫣儿jinjun,4 星,心狠一点，才能活下去
舒不开坦克,5 星,值得一看的片子，卧底、背叛、兄弟情。
约会林嘉欣,4 星,你要错恋几多个他，付几倍代价，做牛做马先至练成这挥洒。
苗小,3 星,这就是面瘫者联盟么，不过结局很靠谱
vera,3 星,黄正民太棒了，收放自如。丁青的人设也很讨巧，重情重义，又心狠手辣。但整个电影来讲，总觉得哪里不太对劲儿，逻辑不够顺畅，因此削弱了感染力，至少没有触动我，当然，也可能8.0的评分让我有了太高期。很多人说李政宰演得好，我却恰恰觉得他不及格，他应该表现得更好。壮哉我大中华的黑客和朝族刀客
牛牛,4 星,这是怎样的感情啊~很好的结局 所以3星升4星~
Wonder,4 星,配乐相当带感，节奏恰到好处，海报颇具玩味。能找到很多经典元素，已经算是韩国黑帮类型片的典范了吧。
Haleyrink1897,4 星,曹英沃OST代表作
早安Lucifer,5 星,韩国黑帮片没得说啊。。配音极好的
前海一支剑,3 星,原本的卧底警察七弄八弄最后坐上黑帮老大的头把交椅，参加权力角逐的一共有4股势力，最终谁也没有胜利，最终的结果都不是自己想要的。特别是男主，早已厌倦卧底生涯，希望回归正常生活，但最后警察的身份没了，还成了彻底的黑道。故事荒诞感挺强，也挺讽刺，但人物内心挣扎写得不够，总体上缺乏亮点。
绎清尘,4 星,黑帮片最抒情了。
朝阳区陆依萍,3 星,个人觉得挺平庸的，要不是结尾，很难在加一星，画面很精致，有的部分很文艺，有情怀的黑帮片，对于人物的设置与心理变化都还不错，对于黑社会这一概念拆解的甚是独到，不幸的是，个人始终对这种片子不感冒，只能说一般。。另外，配乐尚可再加一星。
阿巴厮,3 星,不能因为结局好，就肯定全片的节奏啊，中间总觉得快脱节了，散沙一般，特别是崔岷植这个角色的设置，没有任何魅力可言，感觉只会张嘴说臭小子。最后的回忆也很多余，线索没铺开的嘛，不如不要讲。总的来说，排场不小，气场不大。
抽先桑,4 星,韩国黑帮片越来越有水准了
小个梨头,4 星,与吴彦祖的知法犯法比多了些许残酷与无奈
栗鬼,5 星,手要黑，心要狠，才能活下去啊
和运超,4 星,很不错，表演主题场面都不错
甜春宝,5 星,自作虐，不可活！
流浪の小圆头,4 星,韩版无间道，卧底最终选择要当黑帮老大
ken_zhang,5 星,《无间道》与《教父》的结合体，叙事不急不缓，但颇具张力。不得不佩服韩国电影的审查制度，这也正是韩国电影发展日益壮大的根本原因，鼎盛时期的最好代表作。
左眼看电影,4 星,《无间道》+《黑社会》，韩国用的不错，而且还是一黑到底的，演员演的很棒，就是情节松了点，高潮戏来的太慢。不过最厉害的还是中国黑客
一意孤行,4 星,韩版无间道
9楼2座,4 星,看片當中總覺得這片是幾部黑幫片的拼湊版本。但看完後覺得還是可以自成一章的
瑞儿,5 星,结局我猜到，煽情没猜到。这才是电影，是我们为之心动又心痛的东西。。
钟笑乂,4 星,这片哪里有无间道好看？？？？
小杂菜子,4 星,我嗅出了浓浓的基情。ps宋智孝在里面角色很奇怪。。可有可无啊
小西柚,4 星,韩国的商业片让人不能小觑啊
CC,4 星,还是没有超越啊⋯⋯三星半。
安短,4 星,黑社会+无间道，韩国这个路子玩得最野，什么黑吃黑、黑吃白、白吃黑、白吃白的，惹急了我通吃！都别逼逼
少年A,1 星,实在是没新意
心宽体胖美人张,4 星,好过瘾！！而且最后警察死了还挺好的
马赛克,4 星,我发现韩国的犯罪电影除了说的棒子话着实不喜欢，其他地方都蛮棒的。这电影也不外如是，剧情设置中规中矩，暴力场面血腥又不失含蓄，音乐简直是能感动人啊有木有，虽说是韩国版的无间道，但故事完全不同，结局也蛮另类的其实，梁朝伟的逆袭？
ZEricy,4 星,贵国黑客誉满全球！ 耳边萦绕的是色戒和锅匠的音乐，棒子应该是拿来主义集大成了
反正,4 星,3.5 时间过长 本可以更紧凑
小葡萄,4 星,后半段这心不错！4星半！有点教父的感觉
Luvlee,4 星,黄正民好帅
懿罂,4 星,人物由白变黑的内心挣扎再多点就更棒了。
孛尔只斤鱼,4 星,刚看完电影感触不大  觉得也就三星半偏四星的样子  看完其中一篇它和无间道对比的影评慢慢反后劲了  觉得真是部好片子  好东西果然是要人慢慢推敲 慢慢消化啊~   要是背景音乐 画面剪辑再牛些 换一批大牌  能比无间道还牛啊
麦兜不贰,5 星,暗黑无界，这个世界只有最狠的，才有资格活下去！！无间道+黑社会！！！
思维的版图,5 星,林雪，钟汉良，宋小宝
劳而获,3 星,情节好烂，动作场面很假。
朱利安,4 星,无间道和无间道风云是给我个机会我要做个好人，这部新世界是你让我做坏人，那我就坏到彻底。那两个卧底死的时候太揪心。全片张弛有度，两个小时不会闷。
書衣偵探華斯比,3 星,节奏真是慢呢……剧本一般，无甚波澜，全靠演员演技在撑，卷毛哥有点像宋小宝。片尾六年前的故事有点青春的感觉。
lzj1988,5 星,黑
暴富的女孩是我,3 星,山寨无间道?
小,4 星,哪有什么正义可言，挺住意味着一切……
幸运儿与脱身术,3 星,比起杜琪峰还是缺少些情怀
U 兔,3 星,冗长，套路，没新意，弄清楚关系之后基本做什么事我都能猜到下一步会怎样，搞得挺复杂，其实是个不能动脑子去看的片儿。节奏不太好，很多地方已经很明白了还交待太多，就不够酷。黄政民是个好演员。
血源2出了吗？,4 星,4.5 没有花俏的镜头语言 很直白 比无间道好看
SweetJanuary,3 星,有雷同，但到也有独到之处
铁志,4 星,近些年韩国最纯粹的黑帮片，一黑到底，取各国黑帮片之所长，完全没有你正我邪的调子，一片灰暗做派，十年卧底的子成一直靠自己是警察的道德信念坚忍着，直到他认清了这条界线其实并不存在。文绉绉的编导朴勋政，电影却格外阴郁，本片的角色塑造如洋葱般层层剥离的，耐人回味。
眠去,4 星,6.16你留下些什么
江湖遠人,3 星,主题音乐不错。
Jan,5 星,新瓶装旧酒也是很香的呢。配乐也棒。
Miho,1 星,尼玛节奏这么慢
透明,5 星,虎派大佬石东是被谁杀死的？？？
tangboss004,5 星,伟大的爱（基）情片，终于有了这种结局：既然只有两个人知道我的身份，那为什么不去干掉呢？
喬,3 星,拍黑帮片还是嫩了，台词有点中二病，后半段节奏好了很多……以后拍黑帮片冷静点，冷静点……
冲先生,3 星,"看到好多人，杜琪峰、林岭东、吴宇森、刘伟强、北野武。
片名应该叫    极恶非道黑社会巧遇古惑仔辣手神探之无间道中道。"
✟卡淡,4 星,狠~
鬼狗,4 星,好功课
nananana,4 星,结尾画蛇添足。剧情不够基情凑
要啥自行车,4 星,卧虎的全方位升级版嘛 不得不说棒子的电影近几年比咱们强太多了
ewquyy,4 星,神似《无间道》，一步步逼上梁山，结局早已注定，但过程足够精彩。丁青（黄政民）车库突围一场戏最为悲壮。近几年的韩国片中中国元素成了不可或缺的部分，跟《黄海》一样，中文依旧很蹩脚，延边的兄弟战斗力依然很强大。崔大叔老了很多。
巴比伦病孩纸,4 星,片子不错，人物刻画稍显单薄，剧情到后面有些仓促，可能是时长的关系。非常值得一看。唯一不爽的就是有那么一个桥段暗示“中国净是山寨货”。
Crouse,5 星,很喜欢这类黑帮题材的电影，韩国人的黑帮片自有其自己的特色。
居居,4 星,和《无间道》比，格局大了，博弈的趣味小了。暗黑。
走西,4 星,黑帮片的极限
坏爸爸s,4 星,反转意料之中却意犹未尽，电影拍得很精致，作为商业片可谓高水准~
v,4 星,丽水有真爱，延边多无赖！
猪·明,4 星,没有别人评论的那么好看，可是感觉很写实，卧底的久了，连自己是人是鬼也分不清了。
CP Wong™,4 星,比无间道高招1星，日防夜防家贼难防的哲理放置四海而皆准。李政宰很棒
阿底,4 星,是什么样的感情已经无关紧要，丁青这是在用自己的生命成全了李子成的前途啊！
兰瞅瞅,3 星,说好的无间道，给活生生拍成了古惑仔。看在导演把中国黑客吹得那么牛的份上，给你个及格分。
花小羽,3 星,模仿无间道却远没有无间道的缜密和宿命~  叙事节奏稍快 人物经历线索都不是特别清晰~~不过结局是亮点 警察反水当了龙头这样永远不会过审的情节棒子用得真生猛啊~~ 多说一句崔岷植 这个老戏骨表现的太精彩~~
复仇者的从容,4 星,不要高估道义，不要低估兄弟情谊。丁青真出彩。大天朝真活跃啊～
禾希食反,3 星,刚开始节奏太拖沓，后面就好了。还是很不错的黑帮片
王秋桦,4 星,看的真爽，无间道加教父
谷老师萌萌哒,4 星,关于一个卧底大爆发大逆袭的故事，总体只能说凑合，但是最后的一组六年前丽水的镜头，真是点睛！
麻油叶,4 星,看韩国犯罪片基本不会失望，不看韩剧，但是韩国电影真心觉得不错，不过始终超越不了追击者和黄海在我心中的地位。
江南以南,3 星,凑合
Cara,allstar20 rating,编剧那栏不是应该写麦兆辉么？
冥王星的灯笼裤,4 星,好棒。虽然看到丁青死我就知道结局怎样，但是前半段悬念迭起，后面畅快无比，最后结尾真是戳泪点啊。。。
酱爆,4 星,想要活着，就一定得狠。这句话对做任何事情都通用啊。
亚历山大俊,4 星,中国黑客又被吐槽了
Lonely,5 星,9.0/10 分。为非大团圆结局加一颗星。
Brook,5 星,结尾处理niubillty.所有的点都圆上。
共此灯烛光,5 星,很好
Baristina,5 星,NICE! 再次，韩国电影实在是…
FEi,4 星,结果倒也不出乎意料，黄正民演的真好，丁青这个角色很像港片里吴镇宇的人物性格。李政宰这位大叔太帅，只注意颜了。崔珉植的角色不怎么出彩，是为了塑造形象还是怎样，完全蹉跎成老爷爷了。这片子已经掌握了香港的黑帮篇所有要素啊。节奏也很好。感觉黑中国黑的完全没必要，中文也可以去掉
拾光漫步,4 星,无间道的模式，崔演的有点不如老男孩时的张力了，黄的演技不错
Ricky,5 星,配乐可以用完美来形容
一如往昔,4 星,似曾相识的情节，香港黑帮片棒子国版
阢陧,4 星,哦，我喜欢酱审儿的结局。。
free,1 星,韩国电影也有水军啊。。。。感觉还是黄海那种片子好 这种装B未遂反被操的片子真心无力
文心孤竹,4 星,"第49届百想艺术大赏 电影类 最佳男主角(提名) 黄政民
第50届韩国电影大钟奖 最佳影片(提名) 
第34届韩国电影青龙奖 最佳影片(提名)"
良,4 星,卧底的逆袭，故事讲的既完整又有节奏，丁青蹩脚的中文还需字幕解释，中国的山寨和黑客彻彻底底被黑了一回，最后的反转的确大快朵颐，这么玩儿才过瘾！很难得的不用费劲捋清人物关系和情节设定的一次观影旅程，很顺畅很爽！
墨鱼丸简称墨墨,4 星,这种结尾 只有韩国敢拍。没有女主的电影 无论如何也不会太差
张隐,3 星,觉得距离《无间道》《无间风云》还有很大差距，客观上忽视了警方的势力，把黑帮描绘的一手遮天，而最后又都被子成一个人全部做掉，丁青的爆发也过于突兀，拖泥带水有电视剧的节奏。
Cookie can,4 星,配乐太棒了！
大音希声,4 星,真真假假 好好坏坏
浮草,4 星,比起无间道还是差远了
李皇甫,4 星,韩版《无间道》，《黑社会》
三十七度二,5 星,李政宰太帅了吧啊西吧！！男神！这种结局韩国真敢拍！
乐山小佛,4 星,我承认即使是看到一半的时候，我还是带着极大的恶意来审视这个电影的。是抄，但是抄的很好，并且压根不是无间道。
